userName,userKarma,commentContent,commentEmojis,sentimentScore
DerTrickIstZuAtmen,199260,"Deutschlands grÃ¶ÃŸte WÃ¤hlergruppe merkt gar nicht dass alle Parteien bereits tief in ihrem Arsch sitzen. Niemand will das kaputte Rentensystem wirklich anfassen, weil das ohne Auswirkungen auf die Boomer unmÃ¶glich ist und alle anderen Parteien dann sofort ABER DIE DEUTSCHEN RENTNER FRIEREN UND HUNGERN schreien.


> 2024 galt in Deutschland fast jeder FÃ¼nfte Ã¼ber 65-JÃ¤hrige als armutsgefÃ¤hrdet: 3,5 Millionen Seniorinnen und Senioren hatten laut Statistischem Bundesamt weniger als 1380 Euro im Monat zur VerfÃ¼gung



Das entspricht exakt dem Anteil an ArmutsgefÃ¤hrdeten Menschen der GesamtbevÃ¶lkerung:


> In Deutschland waren im Jahr 2024 rund 17,6 Millionen Menschen von Armut oder sozialer Ausgrenzung bedroht. Das waren 20,9 % der BevÃ¶lkerung, wie das Statistische Bundesamt (Destatis) anhand von Erstergebnissen der Erhebung zu Einkommen und Lebensbedingungen (EU-SILC) mitteilt.



https://www.destatis.de/DE/Themen/Gesellschaft-Umwelt/Einkommen-Konsum-Lebensbedingungen/Lebensbedingungen-Armutsgefaehrdung/_inhalt.html


Es gibt also einen Grossteil an Rentnern die NICHT armutsgefÃ¤hrdet sind. Die tauchen leider nicht zu 80% in Berichten Ã¼ber das Leben im Alter auf und das mediale Bild entsteht, dass die Mehrzahl der Rentner nur noch von Pfandflaschen lebt.


Aber arme Rentner und arme jÃ¼ngere Menschen gegeneinander auszuspielen ist natÃ¼rlich nicht zielfÃ¼hrend. Wir mÃ¼ssen an die MultimillionÃ¤re und die MilliardÃ¤re ran.",[],-0.9835
virtualcomputing8300,16341,"â€Der ehemalige Pipeline-Ingenieur ist offensichtlich nicht armutsgefÃ¤hrdet, aber dennoch sieht er seine Belange als Ã¤lterer Mensch ignoriert: FrÃ¼her sei so ein Haus eine Wertanlage gewesen, sagt er. Die Ampelregierung aber habe Energiepolitik gegen die Alten gemacht: â€Wenn ich es verkaufe, bekomme ich nichts mehr fÃ¼r dieses Haus, weil man erstmal alles MÃ¶gliche sanieren mÃ¼ssteâ€œ, sagt der Mann mit Blick auf das als Heizungsgesetz bekannte GebÃ¤udeenergiegesetz.â€œ

Dieses Statement fast fÃ¼r mich Boomer einfach perfekt zusammen. Die Immobilienpreise sind in den letzten Jahren so stark gestiegen, das war keine Wertanlage, sondern ein Investment. Wie entkoppelt von der RealitÃ¤t kann man bitte sein?

Die heutige junge Generation kann sich kaum noch Wohneigentum leisten und er heult rum, OBWOHL er von der Wertsteigerung von Immobilien profitiert? 

â€Die 60- bis 69-JÃ¤hrigen stellen demnach mehr als ein Sechstel des Wahlvolks. Insgesamt sind 25 Millionen Wahlberechtigte mehr als 60 Jahre alt. Das sind mehr als vier Mal so viele wie die Unter-30-JÃ¤hrigen mit 8 Millionen.â€œ

Muss man dazu noch etwas sagen? Es ist doch offensichtlich, dass alte Leute die Mehrheit stellen und damit Ã¼ber die Themen maÃŸgeblich bestimmen.

NÃ¤chstes Highlight:

â€Spielen diese materiellen Probleme Ã¤lterer Menschen im aktuellen Wahlkampf eine Rolle? Richter findet: â€So gut wie gar nicht.â€œ Es gehe um Steuerreduzierung, Digitalisierung und BÃ¼rokratieabbau. Denen, die ihr Leben lang prekÃ¤r gearbeitet haben, helfe das nicht.â€œ

Auf gut deutsch: die aktuellen Probleme interessieren mich nicht, ich bin Rentner, ich will mehr Geld, der Rest ist mir egal. Tatsache ist Ã¼brigens, dass die Renten stÃ¤rker als die ReallÃ¶hne steigen, also Geld von Jung nach Alt flieÃŸt. Danke Boomer! (Quelle: https://www.deutsche-rentenversicherung.de/DRV/DE/Ueber-uns-und-Presse/Presse/Meldungen/2024/240319-rentenanpassung-2024.html)",[],-0.9939
38731,44989,"Alter. Die gesamte Politik des Landes wird seit 80 Jahren vollstÃ¤ndig von der Altersgruppe 50+ und mehrheitlich 60+ bestimmt, aus dem Bundeshaushalt von 460 Mrd. geht mit 120 Mrd. mehr als EIN VIERTEL fÃ¼r den Rentenzuschuss einer Generation drauf, die sich standhaft geweigert hat, selbst kapitalgedeckt vorzusorgen, jeder 85-jÃ¤hrige darf mit seinem SUV ungehindert Kinder auf dem Schulweg ummÃ¶beln ohne das seine FahrtÃ¼chtigkeit geprÃ¼ft wird, der Ã–ffentlich-Rechtliche haut 80% seines Budgets fÃ¼r Florian Silbereisen und das scheiÃŸ Traumschiff raus wÃ¤hrend die Renter mit all ihrer Freizeit und NIMBY-AttitÃ¼de jeden infrastrukturellen Fortschritt so lange verhindern bis sie tot sind...


ABER KLAR. SIE WERDEN IGNORIERT, HOLY SHIT. WIE VIEL EGOISTISCHER KANN EINE SCHEISS GENERATION NOCH SEIN WÃ„HREND SIE DEN PLANETEN VOR LAUTER KREUZFAHRTEN AN DIE WAND GEFAHREN HAT.",[],-0.961
OpusL,4556,"Da ist wirklich sehr viel Mimimi dabei. Oma Erna Ã¤rgert sich, dass ihre Medikamente teurer werden als ihre Leistungen erhÃ¶ht. Ein PhÃ¤nomen, von dem natÃ¼rlich sonst keine Altersgruppe betroffen ist. 

Opa Wilhelm findet, er mÃ¼sse sein HÃ¤uschen jederzeit als â€œWertanlageâ€ verkauft bekommen, auch wenn dort seit 1847 nichts mehr investiert wurde. Schuld ist natÃ¼rlich die Ampel. 

Schuld sind immer die anderen und man selbst mÃ¼sse natÃ¼rlich das grÃ¶ÃŸte StÃ¼ck vom Kuchen bekommen. Seltsam, dass den Interviewten Rentnern keine Fragen zur aktuellen Rentenpolitik gestellt wurden.",[],-0.8316
Bright-Recording5620,7686,"Das stimmt, Rentner sind wirklich kaum beachtet im Wahlkampf. Alles wird nur fÃ¼r die jungen Leute gemacht, denen wird wirklich alles nachgetragen, die reinste Frechheit. /s",[],-0.8316
galvingreen,180681,"Mir kommen die TrÃ¤nen. Definitiv von der Politik ignoriert, mit all den Sonderleistungen in dreistelliger MilliardenhÃ¶he aus Steuern zusÃ¤tzlich zur Rentenversicherung. 

Ich wÃ¼rde es begrÃ¼ÃŸen, wenn â€Die Parteiâ€œ deutschlandweit an den viel befahrenen StraÃŸen Plakate mit â€Rentenjahre sind keine Herrenjahreâ€œ aufhÃ¤ngen wÃ¼rde.",[],-0.5994
Vloda,4258,In dem gesamten Artikel steht absolut nichts sinnig verwertbares... Man kÃ¶nnte fast meinen es wird nur versucht die Angst der Leute zu schÃ¼ren.,[],-0.5994
Unl3a5h3r,27842,"Einfachste LÃ¶sung: Rentenalter wird auf 78 abgehoben, per sofort, fÃ¼r alle, ohne Ausnahmen. Dann wird die WÃ¤hlergruppe automatisch kleiner. /s",[],-0.5994
Solid_Bowler_1850,4074,Keine einzige Partei kann es sich ernsthaft leisten auch nur im cent-Bereich Rentner zu belasten. Wir leben mehr oder weniger in einer Gerontokratie. Aber die Rentner fÃ¼hlen sich von der Politik ignoriert? oO Demenz beginnt dann jetzt ab Renteneintritt oder wie?,[],-0.644
FlyingLowSH,685747,"""Die verborgene Macht: Deutschlands grÃ¶ÃŸte WÃ¤hlergruppe scheiÃŸt auf alles was nach ihr kommt und will einen Lebensabend in Saus und Braus""",[],-0.5994
Tzuno_Felagund,11325,"â€Der ehemalige Pipeline-Ingenieur ist offensichtlich nicht armutsgefÃ¤hrdet, aber dennoch sieht er seine Belange als Ã¤lterer Mensch ignoriert: FrÃ¼her sei so ein Haus eine Wertanlage gewesen, sagt er. Die Ampelregierung aber habe Energiepolitik gegen die Alten gemacht: â€Wenn ich es verkaufe, bekomme ich nichts mehr fÃ¼r dieses Haus, weil man erstmal alles MÃ¶gliche sanieren mÃ¼ssteâ€œ, sagt der Mann mit Blick auf das als Heizungsgesetz bekannte GebÃ¤udeenergiegesetz.â€œ

Was fÃ¼r ein ignoranter BlÃ¶dsinn!",[],-0.8439
Buchlinger,51304,"Ja, liebe Senioren. WÃ¼rde helfen, mal etwas anderes als immer nur CDU oder SPD zu wÃ¤hlen. Gibt ja nÃ¤mlich Parteien, die eure Interessen vertreten beziehungsweise den Sozialstaat stÃ¤rken wollen.",[],-0.5994
MajorKottan,17634,"Die wissen schon, wie man guten ragebait schreibt. Mir schwillt definitiv der Kamm.",[],-0.5994
johnz0n,95112,"Wenn es nur so wÃ¤re, dann wÃ¼rde es dem ganzen Land deutlich besser gehen.

Der aktuellen Rentnergeneration geht es viel zu gut. Die haben zuviel Geld, zuviel Aufmerksamkeit und zuviel Mitspracherecht in Themen bei denen sie nichts zu sagen haben sollten.

Es sollte z.B. unbedingt ein maximales Alter fÃ¼r die Wahlberechtigung geben.",[],-0.8316
wurzelmolch,62926,lol seit Jahren wird doch ausschlieÃŸlich Politik von und fÃ¼r Senioren gemacht ?!,[],0.4753
haubellerch,3457,"Laut n-tv leben in Deutschland nur 30,6 weibliche Wahlberechtigte. Da lÃ¤sst man einfach mal die Mio Angabe untern Tisch fallen. Oder haben die da ne besonders zÃ¤rtliche KnochensÃ¤ge im BÃ¼ro?

N-tv ist einer der GrÃ¼nde, warum Mathelehrer immer Nachfragen stellen wie ""20 was, KohlkÃ¶pfe?""",[],-0.8924
Outrageous-Bowl8681,41,"Was der Artikel andeutet, aber nicht wirklich klar macht: Es gibt nicht DIE Rentner. Es gibt Rentner, die in Saus und Braus leben, und es gibt armutsgefÃ¤hrdete Rentner. Letztere sind tatsÃ¤chlich von der Politik abgehÃ¤ngt.   


Wenn ich im Artikel lese, dass selbst ein Vermessungsingenieur null Plan hat, wie das Heizungsgesetz funktioniert und wer's eingefÃ¼hrt hat, und auch noch davon fabuliert, dass sein Wohnhaus eine Wertanlage sein mÃ¼sse, dann denke ich mir: Da wurden definitiv die falschen Rentner abgehÃ¤ngt.",[],-0.9251
-KRVAR,5153,"Ok, danke RTL!",[],0.0
so_isses,56671,">Selbst von der Linken oder dem BÃ¼ndnis Sahra Wagenknecht wÃ¼rden Altersarmut oder das Rententhema nicht besonders thematisiert.

Lol, mal vor die TÃ¼r gegangen und Wahlplakate angeschaut?",[],-0.2732
Tzuno_Felagund,11325,"â€Aber wer lÃ¤sst sich als 65-JÃ¤hriger noch aufstellen?â€œ. Mhm, ich weiÃŸ nicht, vielleicht Merz und Scholz?!",[],0.0
Open-Palpitation-960,7176,"Letztens in der ZDF Doku zur Rente gehÃ¶rt:
63% der Rentnerpaare besitzen eine Immobilie und sie haben ein Durchschnitts Nettoeinkommen von 3800 Euro. 

Stellt euch mal vor ihr wÃ¼rdet so leben. 

Keine Miete zahlen und knapp 4000 Euro zum monatlichen Verballern. Gleichzeitig kann euer Haus verfallen und es steigt und steigt weiter im Wert.",[],0.0
bdsmlover666,27534,">Die niedrigste Wahlbeteiligung haben Menschen unter 20 Jahren: 70,5 Prozent von ihnen gaben bei der Bundestagswahl 2021 ihre Stimme ab. Der Wert ist mit gut 80 Prozent am hÃ¶chsten bei den 50- bis 59-JÃ¤hrigen und den 60- bis 69-JÃ¤hrigen. Mit hÃ¶herem Alter aber sinkt die Wahlbeteiligung wieder: auf 75,3 Prozent bei Menschen Ã¼ber 70 Jahren. Richter schÃ¤tzt, gerade unter Ã¤rmeren Rentnerinnen und Rentnern gebe es viele NichtwÃ¤hler, die sich enttÃ¤uscht zurÃ¼ckzÃ¶gen.

Was ist das denn fÃ¼r eine absurde These? Wie viele schwere PflegefÃ¤lle, Demente oder was auch immer gibt es denn mit Ãœ70 im Vergleich zu 50-59? Das dÃ¼rften genau die sein, die dann nicht mehr wÃ¤hlen gehen? Wie viele Bewohner eines Pflegeheims mit 100 Betten gehen wÃ¤hlen? Wie viele, die zu Hause kaum mehr ihr eigenes Bett verlassen kÃ¶nnen? Wir haben alleine 2 Millionen Demenzkranke in Deutschland. Ich bezweifle, dass die wÃ¤hlen gehen.

>Vor dem Brandenburger Tor verlangten sie einen Inflationsausgleich. Dort auf der BÃ¼hne zu stehen - ""ein GÃ¤nsehautgefÃ¼hl"", schwÃ¤rmt Fischer.

Wie stark sind denn seit 2020 die Renten gestiegen und wie hoch war die Inflation? 

>Der ehemalige Pipeline-Ingenieur ist offensichtlich nicht armutsgefÃ¤hrdet, aber dennoch sieht er seine Belange als Ã¤lterer Mensch ignoriert: FrÃ¼her sei so ein Haus eine Wertanlage gewesen, sagt er. Die Ampelregierung aber habe Energiepolitik gegen die Alten gemacht: ""Wenn ich es verkaufe, bekomme ich nichts mehr fÃ¼r dieses Haus, weil man erstmal alles MÃ¶gliche sanieren mÃ¼sste"", sagt der Mann mit Blick auf das als Heizungsgesetz bekannte GebÃ¤udeenergiegesetz.

Der arme Mann. Kaum steigen die Zinsen extrem stark sinkt der Wert seiner alten Bruchbude, die man eh kernsanieren muss extrem. Aber die GrÃ¼nen sind Schuld, das wird es sein /s",[],-0.9962
MerriMentis,873,"""Ignoriert"" - ja genau. Die Politik wird seit Jahren von Menschen Ã¼ber 50 bestimmt, ganz einfach, weil Ã¼ber 60% der WÃ¤hlenden Ã¼ber 50 Jahre alt sind.

Die Gruppe, die hier ignoriert wird, ist die eigentliche Zukunft des Landes: Kinder und Jugendliche. Die dÃ¼rfen Ã¼berhaupt nicht wÃ¤hlen und mÃ¼ssen sich mit dem abfinden, was die Leute wollen, die in absehbarer Zeit ohnehin nicht mehr existieren werden.

Diejenigen, die die Zukunft momentan bestimmen, sind zugleich auch diejenigen, die sie nur sehr kurz werden aushalten mÃ¼ssen.",[],-0.9897
bored_german,440804,"Rentnerarmut ist absolut eine Schande unserer Gesellschaft, so wie alle Armut in diesem Land. Aber zu behaupten, sie wÃ¼rden komplett ignoriert, wenn gefÃ¼hlt jede etablierte Partei damit wirbt, mehr Geld in unser Rentensystem zu schmeiÃŸen, anstatt es endlich zu reformieren, damit wir eben *nicht* alle bis Ã¼ber 70 arbeiten mÃ¼ssen, ist doch reiner Wahnsinn.",[],0.0
BezugssystemCH1903,498565,"Bei uns in der Schweiz gehen auch mehrheitlich Ã¤ltere Menschen wÃ¤hlen. Wieso weniger jÃ¼ngere wÃ¤hlen, fasst dieser Politologe so schÃ¶n zusammen. Wird wahrscheinlich in D Ã¤hnlich sein, da hier wieder die 10:1 |Regel gilt (80 Mio : 8 Mio Einwohner) muss aber nicht.

>Der Politologe nennt drei verschiedene GrÃ¼nde fÃ¼r die geringe Stimmbeteiligung junger Menschen.

>>-Erstens: Eine allgemeine tiefe Stimmbeteiligung bei allen Wahlberechtigten habe meist eine ungleiche Stimmverteilung in den Altersgruppen als Konsequenz. Dies fÃ¼hrt dazu, dass mehr Stimmen von Ã¤lteren Menschen abgegeben werden als von jÃ¼ngeren.

>>-Zweitens: Â«Politische Partizipation ist GewohnheitÂ», sagt Leemann. Bei jungen Menschen kÃ¶nne diese Gewohnheit noch gar nicht so ausgeprÃ¤gt sein wie bei Ã¤lteren Personen.

>>-Drittens: Junge Menschen befÃ¤nden sich meist in einer aufregenden Lebensphase. Es bewege sie extrem viel und es gebe sehr viele VerÃ¤nderungen. All dies wirke nicht unterstÃ¼tzend fÃ¼r eine regelmÃ¤ssige Teilnahme an politischen Entscheidungen.

https://www.srf.ch/news/schweiz/wahlbeteiligung-schweiz-darum-gehen-junge-leute-weniger-an-die-urne

Der Unterschied zu D, dass hier Leute sich weniger gehÃ¶rt fÃ¼hlen, liegt meiner EinschÃ¤tzung nach am Instrument der direkten Demokratie und dass man schneller ""den da oben"" entgegen wirken kann und nicht alle 4 Jahre.

ZusÃ¤tzlich gibt es bei uns keine Koalitionen, alle Parteien mÃ¼ssen zusammen regieren also gibt es keine Opposition.

Was aber wÃ¤hrend Corona und bei Krisen trotzdem nicht vor Systemgegner schÃ¼tzt aber diese werden sofort eingebunden in die Politik und zeigen dann ob sie mitarbeiten kÃ¶nnen.

Die Coronagegner haben Sitze geholt und 3 Referenden gestartet gegen Coronahilfen+Massnahmen, diese wurden jedesmal vom Volk abgelehnt.",[],-0.9485
Ill_Degree5486,6072,"Damit Rentner sich beachtet fÃ¼hlen fordere ich hiermit die Bezahlkarte fÃ¼r Rentner. Einerseits kann der Staat typische Rentner-Waren dann direkt entlasten, bspw. beige Kleidung, Aspikwurst und Kohl, andererseits stoppen wir damit GeldabflÃ¼sse an Enkel im Ausland. 
Noch viel wichtiger: Wir gehen damit wirksam gegen KriminalitÃ¤t vor, EnkeltrickbetrÃ¼ger richten deutschlandweit Ã¼ber 100 Mio. Euro Schaden im Jahr an. 
Also wÃ¤hlt mich, zurÃ¼ck in den Fortschritt, im Alter liegt unsere Zukunft.",[],-0.5994
Normal-Seal,889,"Das ist ja wirklich ein starkes StÃ¼ck. Der Artikel sagt es doch sogar selbst:

> Eine logische Folge dieses demografischen Ungleichgewichts wÃ¤re: Wer stabile Renten zusagt, gewinnt Wahlen. Investitionen in Bildung? Ein weniger attraktives Wahlversprechen. Weil keine Partei es sich leisten kann, die Rentnerinnen und Renter zu ignorieren.

Und genau so ist es auch, nichts mit â€wÃ¤reâ€œ. Senioren als politische Macht sind weder â€verborgenâ€, noch werden sie ignoriert. Renten sind ein Dauerthema und so gut wie jede Partei verspricht den Rentnern irgendwas, obwohl die SozialversicherungsbeitrÃ¤ge ohnehin sehr hoch sind und die Rente zusÃ¤tzlich aus Steuern finanziert werden muss.

Die am stÃ¤rksten von Armut bedrohte Altersgruppe sind auch nicht Senioren, sondern Menschen zwischen 14 und 25 Jahren.

Am Ende gibt es in jeder Altersgruppe Menschen die durchs Raster fallen, aber zu behaupten Rentner wÃ¼rden politisch ignoriert, ist einfach Quatsch und fast schon Hohn gegenÃ¼ber der zahlenschwachen jungen BevÃ¶lkerung, welche wirklich wenig politische Macht hat.",[],-0.9719
scootiewolff,9802,"Es werden immer weniger Kinder geboren, warum wohl? Was wird hier wohl ignoriert? Die Alten werden nicht ignoriert, sie sind eher Ignorant",[],-0.4871
Key_bele,8701,"Ich kann das alles nicht mehrâ€¦

Aber hey wie wÃ¤re es mit weiteren 10% Abgaben damit die Rentner noch mehr bekommen? Die armen /s",[],-0.8316
erixman,2544,"UnpopulÃ¤re Meinung und auch ehrlich gesagt unethisch: man hÃ¤tte in der Corona-Epidemie das Impfen von den Gruppen her anders organisieren sollen: erst die BÃ¼rger in systemkritischen Positionen und dazu gehÃ¶ren auch die, die in die Rentenkasse einzahlen. Und die, die aus den Sozialkassen und Rentenkassen nur entnehmen zum Schluss. Das hÃ¤tte evtl. das System etwas â€aufgerÃ¤umtâ€œ.",[],-0.9761
Hiisa,1594,"KÃ¶nnen wir uns vielleicht auf das Wichtigste an der sich immer wiederholenden Debatte einschieÃŸen?

Nicht so zu werden im Alter, weder aus Rache noch aus Verbitterung.",[],0.0
Peti_4711,34073,"Sollen wir mal eine Liste machen, wer sich nicht im BT vertreten wird und/oder auch tatsÃ¤chlich nicht vertreten ist? Wenn ich diese Liste dann umrechne, BT mit 50 Politkern und 20% Wahlbeteiligung, noch weniger?",[],0.0
Sotherewehavethat,9569,">2024 galt in Deutschland fast jeder FÃ¼nfte Ã¼ber 65-JÃ¤hrige als armutsgefÃ¤hrdet

Wilkommen im Armutsklub, neu hier? https://www1.wdr.de/nachrichten/monitor-jugendarmut-jeder-vierte-junge-erwachsene-gefaehrdet-100.html


>Die am stÃ¤rksten betroffene Altersgruppe sind laut des aktuellen Monitors ""Jugendarmut"" junge Menschen unter 25 Jahren. 

>Etwa jeder vierte junge Erwachsene muss mit weniger als 60 Prozent des mittleren Einkommens auskommen.",[],-0.5994
AndaramEphelion,1894,"Vor 4 Jahren hatten wir die perfekte MÃ¶glichkeit all das Zeug einfach loszuwerden...

Die kÃ¶nnen froh sein, daÃŸ es auch moralischen und ethischen GrÃ¼nden nicht soweit gekommen ist und alle anderen sich massivst selbst eingeschrÃ¤nkt haben... aber so langsam schleicht sich halt doch immer wieder dieser Gedanke in den Hintergrund ""Warum? Es wÃ¤re soviel besser..."".",[],-0.8316
NozhaXBL,266316,"Alles klar Hannelore, du gehst um 8 Uhr zu Rewe um 10kg Fleisch zu holen und danach zurÃ¼ck in dein Eigenheim das fÃ¼r 2 Familien ausgelegt ist.",[],0.0
Lemonyoda,3143,"Hallo liebes Reddit.

Da ihr alle hier online unterwegs seid, seid ihr jung, daher ist eure Meinung in Deutschland egal. 

GaLiGrÃ¼

Euer Dietrich und eure Erika (geb. 1968) - noch 10 Jahre!! Das schaffe ich!",[],0.0
Unlucky_Plane6008,129,"""Der ehemalige Pipeline-Ingenieur ist offensichtlich nicht armutsgefÃ¤hrdet, aber dennoch sieht er seine Belange als Ã¤lterer Mensch ignoriert: FrÃ¼her sei so ein Haus eine Wertanlage gewesen, sagt er. Die Ampelregierung aber habe Energiepolitik gegen die Alten gemacht: ""Wenn ich es verkaufe, bekomme ich nichts mehr fÃ¼r dieses Haus, weil man erstmal alles MÃ¶gliche sanieren mÃ¼sste"", sagt der Mann mit Blick auf das als Heizungsgesetz bekannte GebÃ¤udeenergiegesetz""

Sorry, aber wie bitte ? Warum mÃ¶chte er denn sein Haus verkaufen, da lebt er sein Leben zu Ende drin und die Kinder dÃ¼rfen den Bums renovieren.
Ausserdem zurzeit bekommt man doch wirklich genug fÃ¼r so ein Haus, selbst wenn es im renovierungsbedÃ¼rftigen Zustand ist.",[],-0.8689
Amorphium,29837,">Diese Gruppen [Protestgruppen aus Rentnern] seien aber nicht die Lobby der Ã¤rmeren Rentnerinnen und Rentner. ""Es gibt ein paar engagierte Senioren, die haben aber meistens diese materiellen Probleme nicht"", sagt Richter. Spielen diese materiellen Probleme Ã¤lterer Menschen im aktuellen Wahlkampf eine Rolle? Richter findet: ""So gut wie gar nicht."" Es gehe um Steuerreduzierung, Digitalisierung und BÃ¼rokratieabbau. Denen, die ihr Leben lang prekÃ¤r gearbeitet haben, helfe das nicht.  

  
Wenn ihr schon den Artikel nicht lest, dann wenigstens das",[],-0.9118
niphaedrus,8114,"Ich frage mich wieso die Boomer die Generation ist, die es vermutlich in der Geschichte der Menschheit am besten gehabt haben wird, und gleichzeitig so abartig unreflektiert gegenÃ¼ber diesem Fakt ist.",[],-0.9136
maxigs0,46364,"Einfach etwas weiter schauen, als wie immer die Union wÃ¤hlen. Diese vernachlÃ¤ssigt gerade ihre alten Themen, weil sie nur noch AFD spielen.

Gerade untypische Parteien, wie zb die Linke, hÃ¤tten Ã¼berraschend viele Punkte fÃ¼r und zu Senioren im Wahlprogramm. Bei anderen nicht viel anders. Ist nur nie ein Thema in Talk-Shows.",[],-0.8316
I_am_McHiavelli,5740,"Die Rentner hatten jetzt wie lange, um sich um ein funktionierendes Rentensystem zu kÃ¼mmern? Seit dem ich auf der Welt bin, ist das Problem bekannt. Und sie haben nichts getan. Nein, stattdessen haben sich auch noch den Klimawandel ignoriert. Den Gesellschaftsvertrag haben sie schon lange aufgekÃ¼ndigt.

â€œSollens doch die JÃ¼ngeren lÃ¶senâ€. Wie wÃ¤rs denn, wenn wir darauf mit â€œNeinâ€ antworten. Wer die ScheiÃŸe verbockt und sein Leben auf Pump gelebt hat, hat die Altersarmut verdient. Die meisten Millenials und GenZ leben im Vergleich zu dem, was die Rentner hatten, auch in Armut. 

Die Arroganz und der Eigennutz der Ã„ltesten ist Deutschlands Untergang. Sollen sie froh sein, wenn sie Ã¼berhaupt was bekommen. Rentnerjahre sind keine Herrenjahre!",[],-0.9852
Gandhi70,644571,"Die Apotheker? Gut, gibt viele Apotheken aber dass die die grÃ¶ÃŸte WÃ¤hlergruppe stellen hÃ¤tte ich nicht gedacht.",[],-0.9136
NorthAtmosphere138,164,Amen... Hinzukommt dass der Anteil an Rentner mit Wohneigentum Ã¼berproportional hoch ist im Vergleich zur jungen Generation. Und das wird nicht in der Kalkulation der BedÃ¼rftigkeit berÃ¼cksichtigt. Ist doch lÃ¤cherlich,[],0.0
Evanjellyco,12890,"Hier steht auch, die Rentner ""fÃ¼hlen"" sich ignoriert.",[],-0.5994
Dry-Professional-BER,34572,">Â 25 Millionen Wahlberechtigte mehr als 60 Jahre alt. Das sind mehr als vier Mal so viele wie die Unter-30-JÃ¤hrigen mit 8 Millionen.

Vier mal soviel? ğŸ™ˆ Interessante Rechnung ğŸ¤“","['ğŸ™ˆ', 'ğŸ¤“']",-0.7479
Ren-roka,10021,"Und darum gibt es solche Artikel: Sie werden geklickt.

Von Rentnern die sich bestÃ¤tigt fÃ¼hlen wollen und fÃ¼r alle anderen funktioniert das als Ragebait.

Maximale Aufmerksamkeit ist alles was Journalisten heutzutage interessiert.",[],-0.5994
LeTracomaster,45068,Wenn man bevorzugt wird fÃ¼hlt sich Gleichberechtigung halt wie UnterdrÃ¼ckung an,[],0.0
DerFelix,242523,"Nicht vergessen, die Boomer waren fast ihr ganzes Erwachsenenalter die grÃ¶ÃŸte WÃ¤hlergruppe. Die haben fast ihr ganzes Leben lang bekommen was sie wollten.

Als die Generation zu Eltern wurden, wurden Ã¼berall SpielplÃ¤tze gebaut. Die werden jetzt wieder abgerissen, da in den Regionen ja nur noch alternde Rentner in den EinfamilienhÃ¤usern leben.",[],-0.9661
Padolomeus,24735,Tja. Da gibt es wenig hinzuzufÃ¼gen. Und kommt mir jetzt bitte nicht â€diese Generation hat den Wohlstand erwirtschaftetâ€œ. Diese Generation war und ist einfach zahlenmÃ¤ÃŸig die grÃ¶ÃŸteÂ ,[],-0.8316
Complex-Fly6915,11737,Amen!,[],0.0
clutze_,139,"Solide Trade. Gute Beispiele und nachvollziehbarer Spannungsbogen. Dezenter Einsatz von Beleidigungen und KraftausdrÃ¼cken. Leider etwas kurz. Gerne mehr.
7,5/10",[],0.0
ComfortableAfraid477,990,"Wollte auch was schreiben, weil ich getriggert war, du hast es aber sehr gut zusammengefasst. Danke dafÃ¼r.",[],-0.5994
jorinda_joringel,4682,"""Wir haben unser Leben lang nur gearbeitet!"" - meine Oma, seit 1985 und damit 40 Jahre in Rente.",[],0.0
bstabens,110919,"Junges Leut hier, jawohl, hast vÃ¶llig Recht. Wo wir gerade beim Thema sind: wusstest du, dass ""junges Leut"" inzwischen bereits bei u60 anfÃ¤ngt?",[],0.0
Elfmeter,38164,"Guten Morgen. Trink erst mal nen Kaffee, lies den Artikel und versuch das mit dem Kommentar dann nochmal ;)",[],-0.2263
Cannachris1010,17551,"vor allem, sie wurden noch sehr jung pensioniert, aber leben teilweise schon ziemlich lange. Die Rente sollte vielleicht die letzten 10 Jahren abdecken, aber nicht die letzten 30 Jahren..",[],-0.9136
eternityXclock,78557,Wir kÃ¶nnen ja auch ein HÃ¶chstalter einfÃ¼hren... Menschen Ã¼ber 70 werden dann verboten ğŸ™ƒ,['ğŸ™ƒ'],0.0
SuccessfulOutside722,1544,"Ich liebe ja meine Oma, aber die ist auch fest Ã¼berzeugt, dass die Rentner ignoriert werden.

Das Ding ist ja mit dem Haushaltskosten brauchst du nicht kommen. Die sehen Nachrichten und hÃ¶ren immer Entlastung von Arbeitnehmers, Entlastung von MÃ¼ttern, mehr Geld fÃ¼r Kinder, etc. und denken daher das nichts fÃ¼r die alten gemacht wird.",[],-0.9246
bdsmlover666,27534,Liegt vor allem primÃ¤r an den GrÃ¼nen und nicht an den gestiegenen Zinsen /s,[],0.0
Oddy-7,104085,"CDU und SPD sind doch Interessensvertretungen fÃ¼r Rentner.

Die Schlagzeile kÃ¶nnte auch vom Postillon sein.",[],-0.5994
Trick_Shape_5210,3329,Der Rentner will aber auch keine Migranten. Daher wÃ¤hlt er auch nicht die Linke.,[],-0.5994
bdsmlover666,27534,">Was der Artikel andeutet, aber nicht wirklich klar macht: Es gibt nicht DIE Rentner. Es gibt Rentner, die in Saus und Braus leben, und es gibt armutsgefÃ¤hrdete Rentner. Letztere sind tatsÃ¤chlich von der Politik abgehÃ¤ngt.

Du sprichst von ArmutsgefÃ¤hrdung. Das ist ein statistischer Durchschnittswert, der sich nur auf das Einkommen bezieht. Der Wert steigt automatisch, weil im Rentenalter halt offensichtlich das Einkommen niedriger ist. Wer weniger als 13xxâ‚¬ Nettorente hat, ist automatisch arm.

Grade bei Ehepaaren ist das dann noch drastischer. Selbst wenn der Mann Ingenieur war, vielleicht mit Betriebsrente 2500â‚¬ Nettorente im Monat hat, sie im Eigenheim wohnen und auch sonst hohe RÃ¼cklagen haben, gilt der Haushalt dann trotzdem als ArmutsgefÃ¤hrdet.

Wenn der Helmut mit 58 200.000 DM Abfindung bekommen hat damit er frÃ¼her in Rente gehen kann, ein abbezahltes Haus hat, zum Renteneintritt nochmal 2 Kapitallebensversicherungen ausgezahlt bekommen hat mit nochmal 200.000 DM und 1400â‚¬ Rente bekommt ist er ""armutsgefÃ¤hrdet"".

Relevant ist die reale Armut. DafÃ¼r hat das statistische Bundesamt ein paar Kriterien definiert, die zu einem normalen Leben gehÃ¶ren, z. B. ein Urlaub pro Jahr oder ein Restaurantbesuch pro Monat. Wer das nicht kann ist arm.

>WÃ¤hrend fÃ¼r die ArmutsÂ­gefÃ¤hrdungsÂ­quote das Einkommen ausschlagÂ­gebend ist, geht es bei der Messung der [materiellen und sozialen Entbehrung](https://www.destatis.de/DE/Themen/Gesellschaft-Umwelt/Einkommen-Konsum-Lebensbedingungen/Glossar/materielle-und-soziale-entbehrung.html) um Dinge, die zum allÂ­gemeinen LebensÂ­standard gehÃ¶ren, auf die aber aus finanziellen GrÃ¼nden verzichtet werden muss. Dazu gehÃ¶rt zum Beispiel, ob sich ein Haushalt eine Woche Urlaub im Jahr leisten kann oder eine Person ein Treffen pro Monat mit Freunden, um etwas essen oder trinken zu gehen.  
Erhebliche materielle und soziale EntÂ­behrung ist fÃ¼r Seniorinnen und Senioren in Deutschland seltener ein Thema als fÃ¼r jÃ¼ngere Menschen. Von erhebÂ­licher materieller und sozialer EntÂ­behrung waren im JahrÂ 2022 durchÂ­schnittlich 6,1Â % der BevÃ¶lkerÂ­ung in Deutschland betroffen. Bei den 65-JÃ¤hrigen und Ã„lteren lag der Anteil bei 3,5 %. In der AltersÂ­gruppe 75+ betrug der Anteil 2,1 %.

[https://www.destatis.de/DE/Themen/Querschnitt/Demografischer-Wandel/Aeltere-Menschen/armutsgefaehrdung.html](https://www.destatis.de/DE/Themen/Querschnitt/Demografischer-Wandel/Aeltere-Menschen/armutsgefaehrdung.html)",[],-0.9885
Oddy-7,104085,">und es gibt armutsgefÃ¤hrdete Rentner. Letztere sind tatsÃ¤chlich von der Politik abgehÃ¤ngt.   

Auch hier: Die Definition der ArmutsgefÃ¤hrdung am Einkommen ist BlÃ¶dsinn. Zahlst du 1200â‚¬ oder wohnst im eigenen Haus auf groÃŸem GrundstÃ¼ck?

Nach sinnvollerer Definition, materielle/soziale Entbehrung, erleben Senioren Ã¼ber alle Altersklassen die geringste Armut.",[],-0.8316
RidingRedHare,221202,"Das ist der Durchschnitt, nicht der Median. Und darin enthalten sind beispielsweise Beamte mit deren Ã¼ppigen Pensionen.  

Durchschnittlicher monatlicher Bruttobetrag aus der gesetzlichen Rente: 1.256â‚¬  
Durchschnittlicher monatlicher Bruttobetrag aus der Beamtenversorgung: 3.299â‚¬",[],0.0
Graufisch,11862,Ich bin Ã¼ber 60 und stimme dir vollumfÃ¤nglich zu.,[],0.0
Wylde4Girls,32465,Ich bin ebenfalls Ã¼ber 60 und kann dir nur zu stimmen. Meine Generation strotzt nur so von Egoismus und SelbstgefÃ¤lligkeit. ğŸ¤®,['ğŸ¤®'],0.0
Oddy-7,104085,">Rentnerarmut ist absolut eine Schande unserer Gesellschaft,

Und kaum existent. Rentner erleben Ã¼ber alle Kohorten hinweg die geringste Armut.

Die Definition am Einkommen ist halt BlÃ¶dsinn, wenn man das VermÃ¶gen auslÃ¤sst.",[],-0.8316
Normal-Seal,889,"Ich **will** das wir bis Ã¼ber 70 arbeiten! 
Arbeit hÃ¤lt einen jung und man fÃ¼hlt sich nÃ¼tzlich. 

Senioren sollten gezielt in die Arbeitswelt eingebunden werden, um kÃ¶rperlich und geistig leichte Aufgaben zu erledigen. Gebt Rentnern einen Anreiz noch 20 Stunden Wochen zu arbeiten, indem sie Gehalt ohne RentenabschlÃ¤ge kriegen.

Kann nicht jeder, klar, aber die die kÃ¶nnen, sollten sich auch in irgendeiner Form aktiv halten.",[],-0.9184
Merimutef62,34851,"Dieser Ansatz ist utilitaristisch und kann durchaus diskutiert werden, obgleich er natÃ¼rlich gegen unsere aktuelle Moral verstÃ¶ÃŸt (Schwache zuerst, die Starken kommen klar). Ich habe mich damals auch gefragt, warum meine GroÃŸeltern den Impfstoff bekommen haben, lange bevor ich mich selbst in den Impfzentren anmelden konnte. Es ist aber auch eine Frage des persÃ¶nlichen Mindsets, wenn es mÃ¶glich gewesen wÃ¤re, hÃ¤tte Oma mir den Impfstoff gegeben, weil sie ja ""ihr Leben gelebt habe"" und ""ihr jungen Leute es noch vor euch habt"". Das hat sie so Ã¤hnlich gesagt, sie lebt Ã¼brigens heute immer noch und ist gesund.  
  
Wenn es aber wirklich hart auf hart kommt, denken alle nur an sich selbst und dann sind die Starken immer im Vorteil, das ist nur logisch.",[],-0.8316
jorinda_joringel,4682,"Sie geht nicht, sie fÃ¤hrt, und das meist nicht mit den Ã–ffis.",[],0.0
Complex-Fly6915,11737,"GaLiGrÃ¼? Kling wie eine schlimme Geschlechtskrankheit. 
- Sie haben GaligrÃ¼. 
- Oh Gott Herr Doktor, werde ich je wieder Klavier spielen kÃ¶nnen? 
- Konnten sie es denn vorher? 
- Nein. 
- Dann nicht.",[],0.0
TheHypnoRider,22329,"Vermutlich weil sie ihre gute Situation durch vergleichsweise schlechte UmstÃ¤nde (Generation des Wiederaufbaus) oder durch zukÃ¼nftige Probleme (Kilmawandel fÃ¼r alle ab den Millenials) zu nie zu schÃ¤tzen gewusst hatte. Wenn man keine Referenz dafÃ¼r hat, wie schlecht es anderen geht, kann man auch nicht wissen, wie gut es einem geht. Aus dieser Perspektive wirkt dann jede Aktion wie anderen mehr bringt als einem Selbst (Klimaschutz) wie ein ungerechtfertigter Aufruf zum Verzicht in der eigenen Sache (Rente).",[],0.0
Zushey312,61247,Ich mein sei ihnen auch gegÃ¶nnt. Aber dann wÃ¤rs nur fair wenn ich mir vieleicht auch irgendwann ne fucking Wohnung leisten kann,[],0.3182
virtualcomputing8300,16341,"Na, fÃ¼hlen kann man sich halt wie man will.",[],0.0
Tjaresh,84995,"Leider ist das auch die einzige relevante GrÃ¶ÃŸe. Menschen haben noch nie in ihrer Geschichte nach Fakten entschieden. Es ging immer nur um das ""GefÃ¼hl"". Das ist nichts Neues. Wir hatten zwei Weltkriege, weil Menschen das so im GefÃ¼hl hatten. Da war ja nichts faktisch-logisches dran, dass sich ein paar millionen gegenseitig umbringen. Wer die GerfÃ¼hle der Massen kontrolliert, bestimmt die Zukunft.",[],-0.9485
Jay_Quellin,15192,Sogar *mehr* als viermal so viel ğŸ¤”,['ğŸ¤”'],0.0
38731,44989,Stimmt schon. Ich bin trotzdem wÃ¼tend.,[],0.0
oldmanout,134683,"Ja, der Artikel ist kompletter Nonsense.

Ich finds schade dass hier so viele auf den Ragebait reinfallen. Es ist eigentlich gleich wie in jeder Generation, arme Rentner tun sich schwer wÃ¤hrend der reiche Rentner unbegrÃ¼ndet meckert und alle unreflektiert das auf alle alte Leute projezieren

Meine Eltern habens zu keiner Zeit leicht gehabt und sich doch immer abgestrampelt. Es gibt tausend Dinge warum ich sie hassen kann, aber dass sie es leicht hatten und nie angestrengt hÃ¤tten ist keiner davon, das stimmt einfach nicht.",[],-0.4019
38731,44989,Der ist gut.,[],0.0
Oddy-7,104085,"Nicht nur SpielplÃ¤tze. Als die Boomer in den 70ern SchÃ¼ler waren wurden unzÃ¤hlige UniversitÃ¤ten gegrÃ¼ndet. Man wusste ja, der Bedarf kommt. In den spÃ¤ten 80ern und 90ern hat man dann massiv Bauland ausgewiesen - die jungen Familien brauchten ja Wohnraum. Die Grunderwerbsteuer wurde Ã¼brigens genau in dem Moment eingefÃ¼hrt bzw. signifikant angehoben, als die Boomer fertig waren mit dem Bauen/Kaufen.

Elterngeld (vorher Erziehungsgeld) ist seit 1986 in seiner Untergrenze von 600DM/300â‚¬ nicht erhÃ¶ht worden. 600DM war damals schon cool. Heute 300â‚¬? Meeh.

Das ganze Leben Ã¼ber die volle Aufmerksamkeit der Politik bekommen muss schÃ¶n sein. Das Wohnraumproblem fÃ¼r junge Familien heute wird einfach ignoriert. Die alten wohnen doch schon.",[],-0.9799
38731,44989,"Wo kommen wir auch hin,  wenn VOR MEINEM HAUS KINDER SPIELEN!!!! Ich will doch nur meine wohlverdiente!!! TOTENRUHE!!! Das hier ist eine anstÃ¤ndige Siedlung.",[],0.727
38731,44989,"Hat sie, durchaus. 

Aber sie haben es wie jede andere halt fÃ¼r sich selbst getan und die Nebenwirkungen ihres Tuns wÃ¤lzen sie auf ihre Kinder und deren Kinder ab. Weil's ihnen ja egal sein kann und es auch ist.",[],0.3612
38731,44989,Werde mich beim nÃ¤chsten Mal mehr bemÃ¼hen!,[],0.0
38731,44989,Glad to be of help. ğŸ«¡,['ğŸ«¡'],0.6908
Kartoffelcretin,71947,Musste mir von einer mit 63 in Rente gegangen sagen lassen dass das fair ist weil die ja viel hÃ¤rter gearbeitet haben als wir.,[],-0.3818
bdsmlover666,27534,"Meine GroÃŸeltern und all ihre Freunde sind sogar noch vor 60 in Rente gegangen. Eigentlich lag das Rententeintrittsalter bei 60. Viele haben von ihren Firmen, teilweise sogar von Ã¶ffentlichen Arbeitgebern wie einem Abwasserverband, einfach StandardmÃ¤ÃŸig hohe Abfindungen bekommen, damit sie mit 56 bis 58 in Rente gehen bzw. halt aufhÃ¶ren zu arbeiten. Die haben alle mit Mitte 40 beginnend alle paar Jahre eine Kur gemacht, im Vergleich zu heute war das damals wirklich Urlaub, und ein paar sind dann noch wegen ihrer Krankheit frÃ¼her in Rente gegangen.",[],-0.8807
fntd,110681,"Klar, der Artikel versucht das alles etwas einzuordnen, aber die SelbsteinschÃ¤tzung der Rentner ist doch trotzdem total verschoben und an der RealitÃ¤t vorbei?",[],-0.5994
gmmammg,236,"Mehr als ein Viertel des Bundeshaushalts geht fÃ¼r die Renten drauf und die haben dann ernsthaft noch die Chuzpe zu sagen, dass ihnen nicht geholfen wird? Versuch du es mit dem Kommentar nochmal.",[],-0.9136
Unl3a5h3r,27842,"Noch besser: Jedem , der irgend eine Art von Rente bezieht, das Wahlrecht entziehen. /s",[],0.0
Soginshin,37695,"OH MEIN GOTT! ICH DACHTE DAS WÃ„RE DER POSTILLON!


GRAAAAAAAAAH",[],0.0
Ismalla,4329,"Der Durchschnitt Ã¤ndert nichts daran, dass wir einen immer grÃ¶sser werdenden Anteil an Rentnern haben die von der Grundsicherung leben. Und da ist dann nichts mit GrundstÃ¼ck, Haus etc. Von den Personen, die aufgrund Gesundheit etc. in die teilweise oder vollstÃ¤ndige Erwerbslosigkeitsrente geschoben werden ( und oft Arbeiten wollen, aber einfach nicht mehr kÃ¶nnen) reden wir dabei noch gar nicht.

Das durchschnittliche Gehalt von 24,50 â‚¬ je Stunde hilft halt auch den Massen an MindestlohnempfÃ¤ngern mit ihren 12 â‚¬ (beides Stand 2023) nicht wirklich.

Der Durchschnitt wird halt in den letzten Jahren durch das Ã¼berproportionale ansteigen der Spitzen fÃ¼r einige Wenige nach oben gezogen, das hilft aber der Masse nicht, die auf gleichem oder gar sinkendem Stand verharren muss.

Anstatt also auf einer Alters- oder Berufsgruppe herumzuhacken sollten wir lieber mal nach Einkommens & VermÃ¶gensgruppe sortieren. Da gibt es nÃ¤mlich so einige die sich recht gut bereichert und gleichzeitig ihre Beteiligung an der Gemeinschaft durch ""kreative BuchfÃ¼hrung"" gegen 0 gefahren haben.",[],-0.9673
Kartoffelcretin,71947,Was ist mit den Millionen die Flaschen sammeln?,[],-0.5994
bored_german,440804,"Arbeit hÃ¤lt einen jung??? Wenn man absolut kein Leben auÃŸerhalb davon hat, vielleicht. Kannst du ja gerne machen. Ich geb mein Leben doch nicht fÃ¼r andere Leutes Porsche auf.",[],0.0
Shot-Inspector-205,946,"Mit dem dicken Mercedes.


Und auf dem Weg zum Rewe Ã¼berfÃ¤hrt sie zwei Radfahrer, weil sie Gas mit Bremse vergessen hat.


Aber alles gut, denn der Richter hat Mitleid und gibt ihr den FÃ¼hrerschein zurÃ¼ck.",[],0.0
ComfortableAfraid477,990,"Wenn sie kein Geld mehr haben, mÃ¼ssen sie ihre Immobilie halt verkaufen. Das gilt genauso fÃ¼r alle anderen. Warum sollten Renter da eine AuÃŸnahme sein?",[],0.0
Evanjellyco,12890,Mit solchen GefÃ¼hlsbelastungen sollte man dann aber zum Psychotherapeuten gehen.,[],0.0
7imomio7,11788,VÃ¶llig zurecht! Journalismus verpasst immer mehr ordentliche Hintergrund Infos zu liefern und trÃ¤gt damit aktiv zur Spaltung bei.,[],0.0
Ren-roka,10021,Die Ãœ60-Fraktion ist teils schon sehr egoistisch unterwegs.,[],-0.5994
thisissusu,1900,"Diejenigen, die die SpielplÃ¤tze, UniversitÃ¤ten und Wohnraum geschafft haben, waren die Eltern- und GroÃŸelterngeneration der Boomer. FÃ¼r sie war der Generationenvertrag ein Geben und Nehmen. Die Boomer aber? Bei denen geht es nur um Ich Ich Ich. Wieso neue Wohnungen bauen? ICH habe doch schon mein Eigentum. Wieso Schulen und UniversitÃ¤ten sanieren? ICH habe meinen Abschluss doch schon. Pfui SpielplÃ¤tze, die Drecksbalgen machen doch nur LÃ¤rm. ICH will meine Ruhe.

Die Boomer haben ein funktionierendes System vererbt bekommen, haben aber alles kaputtgespart, um sich persÃ¶nlich zu bereichern. Die junge Generation muss jetzt einerseits die Boomer durchfÃ¼ttern, weil â€Generationenvertragâ€œ und â€SolidaritÃ¤tâ€œ und den Schaden, der durch jahrzehntelanger UntÃ¤tigkeit der Boomer entstanden ist, beheben. Wie wir das schaffen sollen (vor allem mit Schuldenbremse)? Das ist den Boomern doch egal. Nach ihnen die Sintflut. Sowas wie Mutter- oder VatergefÃ¼hle gibt es bei denen nicht. Jede Generation vor den Boomers wollte, dass es den eigenen Kindern besser geht als ihnen selbst. Die Boomer wÃ¼rden jederzeit ihre Kinder fÃ¼r eine Kreuzfahrt opfern.",[],-0.9921
alfredadamski,31403,"Die Generation hat aber zum Teil von ZustÃ¤nden und Rahmenbedingungen profitiert, die es so nicht mehr gibt. Allein die Tatsache, dass es aufgrund gestiegenem Akademisierungsgrad mehr Wettbewerb gibt. In 1985 warst Du bei einem deutschen DAX-Konzern Oberficker, wenn Du ein abgeschlossenes Studium hattest und dein Weg zur FÃ¼hrungskraft war mehr oder weniger garantiert.

So einen Chef hatte ich mal bei einem DAX-Konzern. 1985 hatte der mit Mitte 20 bei dem Unternehmen, welches damals viel kleiner war als heute, angefangen. Anfang 30 war der FÃ¼hrungskraft und schon auÃŸertariflich bezahlt. Und der hatte dann dieses Level bis zum Ruhestand, verdiente sechsstellig, dafÃ¼r dass er sechs Hanseln (inklusive mir) unter sich hatte. Er hatte drei Kinder, ein abbezahltes Haus, fuhr mehrere male im Jahr in den Urlaub, nahm seine schon erwachsenen Kinder auch mit in den Urlaub und er hatte, obwohl er es nicht mehr brauchte, immer einen Van als Firmenwagen, zuletzt eine Mercedes V-Klasse. Und seine Frau musste nie arbeiten, hat aber dann irgendwann noch mal studiert.

Ich bin 41, habe ein abgeschlossenes Wiwi-Studium mehrere Jahre Berufserfahrung, und werde wahrscheinlich gehaltlich nie dieses Level und so einen ""entspannten"" Job bekommen, wie mein Chef. Bei dem besagten DAX-Konzern habe ich mir regelrecht den Arsch aufgerissen im Job. Nur leider gab es zum Ende meines Arbeitsvertrages einen Hiring-Freeze (Einstellungsstopp) und mein Vertrag wurde nicht verlÃ¤ngert.",[],-0.9584
nekokaburi,14988,">Hat sie, durchaus.

Ne, nicht erwirtschaftet - in den SchoÃŸ gelegt trifft es eher:

- Mahrschallplan der USA fÃ¼r den Turboanschub
- Ohne Schulden begonnen, massiv aufgenommen, das hilft mega
- Wenig Alte zu versorgen
- Wenig Kinder die bis sie erwachsen sind Geld und Zeit brauchen
- Wenig Regulierungen (""Hauptsache wir bauen erstmal auf"")
- Ã„hnliche Startbedingungen fÃ¼r viele (kein: Das GrundstÃ¼ck verkauf ich dir fÃ¼r ne Million lol)
- Mussten nicht fÃ¼r das eigene Alter vorsorgen
- ...



Rein finanziell:

Stell dir mal vor wir mÃ¼ssten *keine* private Vorsorge machen, brÃ¤uchten keinen Rentenzuschuss aus den Staatsfinanzen zahlen und dÃ¼rften 3-5% Schulden / Jahr im Staat machen.

Da wÃ¤re der private und staatliche Konsum auch ganz anders.

Und das lÃ¤sst gesellschaftliche Punkte wie BÃ¼rokratie und sonstiges komplett weg.",[],0.2732
ComfortableAfraid477,990,"Ja und nicht proaktiv. Ist ja nicht so, als wÃ¼rden wir nicht auch arbeiten als junge Generation. Die Ausgangslage ist halt weltwirtschaftlich schlechter fÃ¼r uns.

Nur weil Onkel August 40 Jahre aufm Bau gearbeitet hat, heiÃŸt das nicht, dass er mehr fÃ¼r das Wirtschaftswunder verantwortlich war als wenn ich heutzutage 40 Jahre schuffte.",[],-0.8316
FrostyBrilliant8756,1947,"Das verhindern wir doch durch die Schuldenbremse!

/s",[],-0.636
jorinda_joringel,4682,"TatsÃ¤chlich werden bei uns auf der Arbeit die jungen von den alten eher bedauert, weil die Belastung so gestiegen ist - ist allerdings ein schwacher Trost, wenn ich an meine nÃ¤chsten 40 Arbeitsjahre denke.",[],-0.8316
Ill_Swordfish8677,289,"Also genau so wie heute wo viele jungen Leute erstmal 5 verschiedene StudiengÃ¤nge anfangen, zwischendurch mal ein paar â€sabbaticalâ€œ auf Staatskosten einlegen und sich dann wundern das sie mit Mitte 30 kein Geld verdienen. Ach die ganzen depressiven und schizophrenen Leute die nie arbeiten werden weil sie sich vom System aushalten lassen nicht vergessen, viele Ã¼brigens aufgrund von Kiffen.",[],-0.8316
Elfmeter,38164,"Nachdem es in dem Artikel, trotz der etwas kantigen Ãœberschrift, vor allem um arme/armutsgefÃ¤hrdete Rentner geht, bringt es denen auch nichts, wie hoch der Rentenanteil des Haushaltes ist. 

  
Arme Menschen haben generell keine Lobby, das ist bei Rentnern eben nicht anders als bei jeder anderen Alterskohorte.",[],0.0258
Admiral_Nudelholz,4703,Sind wir nicht inzwischen bei mehr als einem Drittel? Hat jemand aktuelle Zahlen?,[],0.0
bdsmlover666,27534,">Der Durchschnitt Ã¤ndert nichts daran, dass wir einen immer grÃ¶sser werdenden Anteil an Rentnern haben die von der Grundsicherung leben.#

und das sind eben die die real arm sind, nicht die die ArmutsgefÃ¤hrdet sind

>WÃ¤hrend fÃ¼r die ArmutsÂ­gefÃ¤hrdungsÂ­quote das Einkommen ausschlagÂ­gebend ist, geht es bei der Messung der [materiellen und sozialen Entbehrung](https://www.destatis.de/DE/Themen/Gesellschaft-Umwelt/Einkommen-Konsum-Lebensbedingungen/Glossar/materielle-und-soziale-entbehrung.html) um Dinge, die zum allÂ­gemeinen LebensÂ­standard gehÃ¶ren, auf die aber aus finanziellen GrÃ¼nden verzichtet werden muss. Dazu gehÃ¶rt zum Beispiel, ob sich ein Haushalt eine Woche Urlaub im Jahr leisten kann oder eine Person ein Treffen pro Monat mit Freunden, um etwas essen oder trinken zu gehen.  
Erhebliche materielle und soziale EntÂ­behrung ist fÃ¼r Seniorinnen und Senioren in Deutschland seltener ein Thema als fÃ¼r jÃ¼ngere Menschen. Von erhebÂ­licher materieller und sozialer EntÂ­behrung waren im JahrÂ 2022 durchÂ­schnittlich 6,1Â % der BevÃ¶lkerÂ­ung in Deutschland betroffen. Bei den 65-JÃ¤hrigen und Ã„lteren lag der Anteil bei 3,5 %. In der AltersÂ­gruppe 75+ betrug der Anteil 2,1 %.

  
[https://www.destatis.de/DE/Themen/Querschnitt/Demografischer-Wandel/Aeltere-Menschen/armutsgefaehrdung.html](https://www.destatis.de/DE/Themen/Querschnitt/Demografischer-Wandel/Aeltere-Menschen/armutsgefaehrdung.html)",[],-0.9878
AndaramEphelion,1894,Wo sind diese ominÃ¶sen Millionen denn?,[],0.0
Oddy-7,104085,"Sind die hier mit uns im Raum?

Leugnest du jetzt empirische Tatsachen und konterst diese mit Ã¼bertriebenen Anekdoten?",[],-0.644
Normal-Seal,889,"Eine 20 Stunden Woche ist wohl kaum â€das Leben aufgebenâ€œ und ich spreche ja nur von Anreizen, keiner Pflicht.",[],0.0
Zushey312,61247,"Ich bin grundsÃ¤tlich kein fan davon der einen Gruppe etwas nicht zu gÃ¶nnen weil es die andere nicht hat. 

Lass den Rentner ihr Eigenheim aber ich mÃ¶chte halt auch eins.",[],-0.3818
piguytd,7528,Es sei denn du bist die relevanteste WÃ¤hlergruppe dann gehst du damit die Politik kaputt machen.,[],-0.8316
Ren-roka,10021,"BlÃ¶d hat gestern wieder ein schÃ¶nes Beispiel geliefert mit ihrem Erguss Ã¼ber ""Finanzielle unterstÃ¼tzung der Demos gegen Rechts seitens der Politik"". 
Leider gibt's genug - auch in meinem persÃ¶nlichen Umfeld - die sowas verbreiten ohne auch nur eine Minute nachzudenken.",[],-0.5994
38731,44989,"Ja klar, der Wettbewerb ist heute zweifellos viel hÃ¤rter als noch vor 50 Jahren. Sowohl auf persÃ¶nlicher Ebene als auch in gesamtwirtschaftlicher Hinsicht. Die Globalisierung setzt sozusagen jeden in Konkurrenz mit 8 Milliarden anderen Menschen und das war in dem AusmaÃŸ noch niemals vorher so.",[],-0.8316
38731,44989,VÃ¶llig richtig.,[],0.0
38731,44989,"Die ist nicht unser Problem. 

Sidenote: Wir nehmen auch dieses Jahr 50 Mrd. Schulden auf. Und zahlen fast 15 Mrd. an Zinsen sowie 25 an Tilgung. Das sind fast 10% des Haushaltes. Das muss nicht noch mehr werden.",[],-0.765
Oddy-7,104085,">vor allem um arme/armutsgefÃ¤hrdete Rentner geht

Nach einer Definition, die Rentner kÃ¼nstlich arm rechnet. In der RealitÃ¤t sind Senioren die Aktersklasse mit der geringsten erlebten Armut Ã¼ber alle Kohorten.

1500â‚¬ Rente, aber abbezahlter Palast? Arm!
2200 Nettogehalt bei 1000â‚¬ Miete? Nicht arm.

Ist halt BlÃ¶dsinn. Verkauft sich aber gut, soll jeder direkt an die Kekse backende Oma denkt. Emotionale Manipulation.",[],-0.9388
NorthAtmosphere138,164,"Original aus dem Artikel:

Die Wohnsituation bleibt unberÃ¼cksichtigt. Ã„ltere Menschen leben Ã¼berdurchschnittlich oft im eigenen Haus oder in der eigenen Wohnung.

---

Die meisten die rumheulen sind nicht armutsgefÃ¤hrdet. Die haben knapp 1400â‚¬ pP ohne Miete zahlen zu mÃ¼ssen. Am Haus wird eh nichts mehr gemacht und man lebt von der Substanz. Von dem Kapital zieht manch einer eine Familie groÃŸ.",[],-0.936
gmmammg,236,SelbstverstÃ¤ndlich bringt es denen etwas. Wer mehr Geld bekommt hat auch mehr Geld.,[],0.0
Zushey312,61247,"Rentner sind nicht Ã¼berdurchschnittlich von Armut betroffen. Das stimmt einfach nicht. Ca. 20% der Deutschen leben in Armut (traurig imo fÃ¼r ein Land, dass sich selbst einen auf seine Wirtschaft runterholt) und ca. 20% der Rentner sind armutsbetroffen.

Armut ist ein Problem in allen Altersklassen. Bedeutet aber auch, dass man nicht nur Politik fÃ¼r die armen Rentner machen sollte.",[],-0.765
bdsmlover666,27534,">Nachdem es in dem Artikel, trotz der etwas kantigen Ãœberschrift, vor allem um arme/armutsgefÃ¤hrdete Rentner geht, bringt es denen auch nichts, wie hoch der Rentenanteil des Haushaltes ist.

Geht es das wirklcih? Wirklich arm sind 3% der Rentner.""ArmutsgefÃ¤hrdet"" ist eine vÃ¶llig schwachsinnige Definition, die sich nur nach dem Einkommen richtet, nicht nach dem VermÃ¶gen. Die Beispiele aus dem Artikel machen jetzt nicht den Eindruck, dass es die armen sind.",[],-0.9136
gmmammg,236,"[Bundeshaushalt](https://www.bundeshaushalt.de/DE/Home/home.html)
116,3/361,37=32,18%, also mehr als ein Viertel, etwas weniger als ein Drittel.",[],0.0
Kartoffelcretin,71947,"Ne, die sind nicht hier im Raum, weil sie da drauÃŸen MÃ¼lleimer durchwÃ¼hlen.",[],-0.5994
Tjaresh,84995,"Das Problem ist aber, dass es zu wenige Beitragszahler gibt, um die Renten weiter zu finanzieren. Es gibt nun zwei LÃ¶sungen:

1. Du verzichtest auf die MÃ¶glichkeit jemals ein Eigenheim zu haben.

2. Der Rentner verzichtet auf die MÃ¶glichkeit sein Eigenheim die letzten Jahre weiter zu nutzen.

Irgendjemand wird hier verzichten mÃ¼ssen. Mein Vorschlag zur GÃ¼te: REICHE ""Rentner"" mit groÃŸem Immobilienbesitz in nicht eigener Nutzung unterstÃ¼tzen ihre Altersgenossen durch eine Zusatzabgabe. Jeder darf sein Eigenheim weiter nutzen. Die Reichen geben etwas mehr und auch du wirst nicht Ã¼ber die MaÃŸen belastet.",[],-0.9801
JackBauregade,5014,Das soll wohl mehr Skepsis gegenÃ¼ber linken und progressiven Ideen schÃ¼ren.,[],0.0
FrostyBrilliant8756,1947,"Und wie viel grÃ¶ÃŸer werden die benÃ¶tigten Investitionskosten in die Infrastruktur durch unterlassene Wartung, die vor 5-10 Jahren nur ne Handvoll Milliarden gekostet hÃ¤tte?

Das sind auch Schulden, und ich wÃ¼rde behaupten die sind deutlich grÃ¶ÃŸer als das eingesparte jemals sein wird. Dazu kommen die sekundÃ¤ren Kosten und entfallenen Gewinne durch ranzige Infrastruktur.

Mir fallen da spontan ein:

 - Bildung (SchulgebÃ¤ude, Lehrerausbildungen)
 - Bahn (stÃ¤ndig defekte und Ã¼berlastete Strecken)
 - Gesundheitssystem (keine Ã„rzte)
 - Wohnraum (kein sozialer Wohnungsbau, vorhandene Sozialwohnungen verkauft und verfallen lassen)
 - ...

Alles Dinge, die man mit recht geringen Kosten hÃ¤tte langfristig erhalten kÃ¶nnen, die man aber wegen SparmaÃŸnahmen hat verrotten lassen.

Das sind auch Schulden, nur die tauchen nicht in irgendnem Haushalt auf.",[],-0.9879
bdsmlover666,27534,">und ca. 20% der Rentner sind armutsbetroffen

Armutsbetroffen ist ungleich arm. Du sprichst von ArmutsgefÃ¤hrdung. Das ist ein statistischer Durchschnittswert, der sich nur auf das Einkommen bezieht. Der Wert steigt automatisch, weil im Rentenalter halt offensichtlich das Einkommen niedriger ist. Wer weniger als 13xxâ‚¬ Nettorente hat, ist automatisch arm. 

Grade bei Ehepaaren ist das dann noch drastischer. Selbst wenn der Mann Ingenieur war, vielleicht mit Betriebsrente 2500â‚¬ Nettorente im Monat hat, sie im Eigenheim wohnen und auch sonst hohe RÃ¼cklagen haben, gilt der Haushalt dann trotzdem als ArmutsgefÃ¤hrdet.

Wenn der Helmut mit 58 200.000 DM Abfindung bekommen hat damit er frÃ¼her in Rente gehen kann, ein abbezahltes Haus hat, zum Renteneintritt nochmal 2 Kapitallebensversicherungen ausgezahlt bekommen hat mit nochmal 200.000 DM und 1400â‚¬ Rente bekommt ist er ""armutsgefÃ¤hrdet"".

Relevant ist die reale Armut. DafÃ¼r hat das statistische Bundesamt ein paar Kriterien definiert, die zu einem normalen Leben gehÃ¶ren, z. B. ein Urlaub pro Jahr oder ein Restaurantbesuch pro Monat. Wer das nicht kann ist arm.

>WÃ¤hrend fÃ¼r die ArmutsÂ­gefÃ¤hrdungsÂ­quote das Einkommen ausschlagÂ­gebend ist, geht es bei der Messung der [materiellen und sozialen Entbehrung](https://www.destatis.de/DE/Themen/Gesellschaft-Umwelt/Einkommen-Konsum-Lebensbedingungen/Glossar/materielle-und-soziale-entbehrung.html) um Dinge, die zum allÂ­gemeinen LebensÂ­standard gehÃ¶ren, auf die aber aus finanziellen GrÃ¼nden verzichtet werden muss. Dazu gehÃ¶rt zum Beispiel, ob sich ein Haushalt eine Woche Urlaub im Jahr leisten kann oder eine Person ein Treffen pro Monat mit Freunden, um etwas essen oder trinken zu gehen.  
Erhebliche materielle und soziale EntÂ­behrung ist fÃ¼r Seniorinnen und Senioren in Deutschland seltener ein Thema als fÃ¼r jÃ¼ngere Menschen. Von erhebÂ­licher materieller und sozialer EntÂ­behrung waren im JahrÂ 2022 durchÂ­schnittlich 6,1Â % der BevÃ¶lkerÂ­ung in Deutschland betroffen. Bei den 65-JÃ¤hrigen und Ã„lteren lag der Anteil bei 3,5 %. In der AltersÂ­gruppe 75+ betrug der Anteil 2,1 %.

[https://www.destatis.de/DE/Themen/Querschnitt/Demografischer-Wandel/Aeltere-Menschen/armutsgefaehrdung.html](https://www.destatis.de/DE/Themen/Querschnitt/Demografischer-Wandel/Aeltere-Menschen/armutsgefaehrdung.html)",[],-0.9794
Oddy-7,104085,Die 361 sind falsch.,[],-0.5994
Oddy-7,104085,Und diese Behauptung ohne jeden Beleg ist jetzt stÃ¤rker als empirische Tatsachen?,[],0.0
JanusJato,10133,">Wartung, die vor 5-10 Jahren nur ne Handvoll Milliarden gekostet hÃ¤tte?

Ich hÃ¤tte es auch besser gefunden wir warten regelmÃ¤ÃŸig aber so zu tun als wÃ¤re regelmÃ¤ÃŸige Wartung praktisch super billig ist auch inkorrekt. Der Aufwand kommt halt nicht auf einen Rutsch.

>Das sind auch Schulden, und ich wÃ¼rde behaupten die sind deutlich grÃ¶ÃŸer als das eingesparte jemals sein wird. Dazu kommen die sekundÃ¤ren Kosten und entfallenen Gewinne durch ranzige Infrastruktur.

Kann sein, kann nicht sein. Wenn du entfallenen Gewinn rein rechnen willst mÃ¼sstest du aber auch den alternativen Nutzen mit nehmen. 

>- Bildung (SchulgebÃ¤ude, Lehrerausbildungen)
 - Bahn (stÃ¤ndig defekte und Ã¼berlastete Strecken)
 - Gesundheitssystem (keine Ã„rzte)
 - Wohnraum (kein sozialer Wohnungsbau, vorhandene Sozialwohnungen verkauft und verfallen lassen)

Ich bin nicht sicher ob es klug ist Ausbildungen aus den Schulden zu zahlen, sagt ja dann auch nichts Ã¼ber die Einstellung. Die Bahn ist auf dem Papier ein privates Unternehmen, hier hÃ¤tte man auch erst Mal anfangen kÃ¶nnen das wieder zu verstaatlichen und den Gewinn auch vollstÃ¤ndig zu investieren. Auch unser Gesundheitssystem gehÃ¶rt anstÃ¤ndig reformiert (BeitrÃ¤ge deutlich runter, Selbstbeteiligung, 1 Kasse, PKV nur als Zusatzversicherung, kÃ¼nstliche Verknappung der Arzt Sitze aufheben, ...) einfach nur per Kredit aufgenommenes Geld rein zu pumpen lÃ¶st hier Ã¼berhaupt kein Problem. Sozialer Wohnungsbau auf Kredit bitte auch nur wenn der Kredit dann auch abbezahlt werden kann, allgemein sollte man hier Mal tÃ¤tig werden bezÃ¼glich Vorschriften und Bauland, da brÃ¤uchte man auch keinen Kredit fÃ¼r. 

Insgesamt hilft Geld natÃ¼rlich immer, aber gerade bei den meisten dieser Ideen halt nur weil man die Probleme verschleiert und mit Geld begrÃ¤bt...",[],-0.9726
Ill_Swordfish8677,289,Keine Ã„rzte ist doch tollâ€¦ Sterben die Ã„lteren doch eher weg weil die Versorgung nicht gut ist! /s,[],-0.8439
Zushey312,61247,"Ja richtig. Mein Punkt war ja, dass Rentner nicht Ã¼berdurchschnitllich ArmutsgefÃ¤hrdet sind.",[],-0.5994
gmmammg,236,"Stimmt. Keine Ahnung, weshalb mir das vorher angezeigt wurde. Die Website habe ich ja ganz normal aufgemacht...


Nichtsdestotrotz: 116,3/476,81 entspricht ungefÃ¤hr einem Viertel des Bundeshaushaltes.",[],-0.5994
